NUMERO,NOMRE,TIPO_1,TIPO_2,PUNTOS_DE_VIDA,PUNTOS_ATAQUE,PUNTOS_DEFENSA,PUNTOS_ATAQUE_ESPECIAL,PUNTO_DEFENSA_ESPECIAL,PUNTOS_VELOCIDAD,NOMBRE_GENERATIONS,LEGENDARIO
1,Bulbasaur,Planta,Veneno,45,49,49,65,65,45,1,FALSO
2,Ivysaur,Planta,Veneno,60,62,63,80,80,60,1,FALSO
3,Venusaur,Planta,Veneno,80,82,83,100,100,80,1,FALSO
4,Mega Venusaur,Planta,Veneno,80,100,123,122,120,80,1,FALSO
5,Charmander,Fuego,,39,52,43,60,50,65,1,FALSO
6,Charmeleon,Fuego,,58,64,58,80,65,80,1,FALSO
7,Charizard,Fuego,Volador,78,84,78,109,85,100,1,FALSO
8,Mega Charizard X,Fuego,Dragon,78,130,111,130,85,100,1,FALSO
9,Mega Charizard Y,Fuego,Volador,78,104,78,159,115,100,1,FALSO
10,Squirtle,Agua,,44,48,65,50,64,43,1,FALSO
11,Wartortle,Agua,,59,63,80,65,80,58,1,FALSO
12,Blastoise,Agua,,79,83,100,85,105,78,1,FALSO
13,Mega Blastoise,Agua,,79,103,120,135,115,78,1,FALSO
14,Caterpie,Bicho,,45,30,35,20,20,45,1,FALSO
15,Metapod,Bicho,,50,20,55,25,25,30,1,FALSO
16,Butterfree,Bicho,Volador,60,45,50,90,80,70,1,FALSO
17,Weedle,Bicho,Veneno,40,35,30,20,20,50,1,FALSO
18,Kakuna,Bicho,Veneno,45,25,50,25,25,35,1,FALSO
19,Beedrill,Bicho,Veneno,65,90,40,45,80,75,1,FALSO
20,Mega Beedrill,Bicho,Veneno,65,150,40,15,80,145,1,FALSO
21,Pidgey,Normal,Volador,40,45,40,35,35,56,1,FALSO
22,Pidgeotto,Normal,Volador,63,60,55,50,50,71,1,FALSO
23,Pidgeot,Normal,Volador,83,80,75,70,70,101,1,FALSO
24,Mega Pidgeot,Normal,Volador,83,80,80,135,80,121,1,FALSO
25,Rattata,Normal,,30,56,35,25,35,72,1,FALSO
26,Raticate,Normal,,55,81,60,50,70,97,1,FALSO
27,Spearow,Normal,Volador,40,60,30,31,31,70,1,FALSO
28,Fearow,Normal,Volador,65,90,65,61,61,100,1,FALSO
29,Ekans,Veneno,,35,60,44,40,54,55,1,FALSO
30,Arbok,Veneno,,60,85,69,65,79,80,1,FALSO
31,Pikachu,Electrico,,35,55,40,50,50,90,1,FALSO
32,Raichu,Electrico,,60,90,55,90,80,110,1,FALSO
33,Sandshrew,Tierra,,50,75,85,20,30,40,1,FALSO
34,Sandslash,Tierra,,75,100,110,45,55,65,1,FALSO
35,Nidoran macho,Veneno,,55,47,52,40,40,41,1,FALSO
36,Nidorina,Veneno,,70,62,67,55,55,56,1,FALSO
37,Nidoqueen,Veneno,Tierra,90,92,87,75,85,76,1,FALSO
38,Nidoran hembra,Veneno,,46,57,40,40,40,50,1,FALSO
39,Nidorino,Veneno,,61,72,57,55,55,65,1,FALSO
40,Nidoking,Veneno,Tierra,81,102,77,85,75,85,1,FALSO
41,Clefairy,Hada,,70,45,48,60,65,35,1,FALSO
42,Clefable,Hada,,95,70,73,95,90,60,1,FALSO
43,Vulpix,Fuego,,38,41,40,50,65,65,1,FALSO
44,Ninetales,Fuego,,73,76,75,81,100,100,1,FALSO
45,Jigglypuff,Normal,Hada,115,45,20,45,25,20,1,FALSO
46,Wigglytuff,Normal,Hada,140,70,45,85,50,45,1,FALSO
47,Zubat,Veneno,Volador,40,45,35,30,40,55,1,FALSO
48,Golbat,Veneno,Volador,75,80,70,65,75,90,1,FALSO
49,Oddish,Planta,Veneno,45,50,55,75,65,30,1,FALSO
50,Gloom,Planta,Veneno,60,65,70,85,75,40,1,FALSO
51,Vileplume,Planta,Veneno,75,80,85,110,90,50,1,FALSO
52,Paras,Bicho,Planta,35,70,55,45,55,25,1,FALSO
53,Parasect,Bicho,Planta,60,95,80,60,80,30,1,FALSO
54,Venonat,Bicho,Veneno,60,55,50,40,55,45,1,FALSO
55,Venomoth,Bicho,Veneno,70,65,60,90,75,90,1,FALSO
56,Diglett,Tierra,,10,55,25,35,45,95,1,FALSO
57,Dugtrio,Tierra,,35,80,50,50,70,120,1,FALSO
58,Meowth,Normal,,40,45,35,40,40,90,1,FALSO
59,Persian,Normal,,65,70,60,65,65,115,1,FALSO
60,Psyduck,Agua,,50,52,48,65,50,55,1,FALSO
61,Golduck,Agua,,80,82,78,95,80,85,1,FALSO
62,Mankey,Combate,,40,80,35,35,45,70,1,FALSO
63,Primeape,Combate,,65,105,60,60,70,95,1,FALSO
64,Growlithe,Fuego,,55,70,45,70,50,60,1,FALSO
65,Arcanine,Fuego,,90,110,80,100,80,95,1,FALSO
66,Poliwag,Agua,,40,50,40,40,40,90,1,FALSO
67,Poliwhirl,Agua,,65,65,65,50,50,90,1,FALSO
68,Poliwrath,Agua,Combate,90,95,95,70,90,70,1,FALSO
69,Abra,Psiquico,,25,20,15,105,55,90,1,FALSO
70,Kadabra,Psiquico,,40,35,30,120,70,105,1,FALSO
71,Alakazam,Psiquico,,55,50,45,135,95,120,1,FALSO
72,Mega Alakazam,Psiquico,,55,50,65,175,95,150,1,FALSO
73,Machop,Combate,,70,80,50,35,35,35,1,FALSO
74,Machoke,Combate,,80,100,70,50,60,45,1,FALSO
75,Machamp,Combate,,90,130,80,65,85,55,1,FALSO
76,Bellsprout,Planta,Veneno,50,75,35,70,30,40,1,FALSO
77,Weepinbell,Planta,Veneno,65,90,50,85,45,55,1,FALSO
78,Victreebel,Planta,Veneno,80,105,65,100,70,70,1,FALSO
79,Tentacool,Agua,Veneno,40,40,35,50,100,70,1,FALSO
80,Tentacruel,Agua,Veneno,80,70,65,80,120,100,1,FALSO
81,Geodude,Roca,Tierra,40,80,100,30,30,20,1,FALSO
82,Graveler,Roca,Tierra,55,95,115,45,45,35,1,FALSO
83,Golem,Roca,Tierra,80,120,130,55,65,45,1,FALSO
84,Ponyta,Fuego,,50,85,55,65,65,90,1,FALSO
85,Rapidash,Fuego,,65,100,70,80,80,105,1,FALSO
86,Slowpoke,Agua,Psiquico,90,65,65,40,40,15,1,FALSO
87,Slowbro,Agua,Psiquico,95,75,110,100,80,30,1,FALSO
88,Mega Slowbro,Agua,Psiquico,95,75,180,130,80,30,1,FALSO
89,Magnemite,Electrico,Acero,25,35,70,95,55,45,1,FALSO
90,Magneton,Electrico,Acero,50,60,95,120,70,70,1,FALSO
91,Farfetch'd,Normal,Volador,52,65,55,58,62,60,1,FALSO
92,Doduo,Normal,Volador,35,85,45,35,35,75,1,FALSO
93,Dodrio,Normal,Volador,60,110,70,60,60,100,1,FALSO
94,Seel,Agua,,65,45,55,45,70,45,1,FALSO
95,Dewgong,Agua,Hielo,90,70,80,70,95,70,1,FALSO
96,Grimer,Veneno,,80,80,50,40,50,25,1,FALSO
97,Muk,Veneno,,105,105,75,65,100,50,1,FALSO
98,Shellder,Agua,,30,65,100,45,25,40,1,FALSO
99,Cloyster,Agua,Hielo,50,95,180,85,45,70,1,FALSO
100,Gastly,Fantasma,Veneno,30,35,30,100,35,80,1,FALSO
101,Haunter,Fantasma,Veneno,45,50,45,115,55,95,1,FALSO
102,Gengar,Fantasma,Veneno,60,65,60,130,75,110,1,FALSO
103,Mega Gengar,Fantasma,Veneno,60,65,80,170,95,130,1,FALSO
104,Onix,Roca,Tierra,35,45,160,30,45,70,1,FALSO
105,Drowzee,Psiquico,,60,48,45,43,90,42,1,FALSO
106,Hypno,Psiquico,,85,73,70,73,115,67,1,FALSO
107,Krabby,Agua,,30,105,90,25,25,50,1,FALSO
108,Kingler,Agua,,55,130,115,50,50,75,1,FALSO
109,Voltorb,Electrico,,40,30,50,55,55,100,1,FALSO
110,Electrode,Electrico,,60,50,70,80,80,140,1,FALSO
111,Exeggcute,Planta,Psiquico,60,40,80,60,45,40,1,FALSO
112,Exeggutor,Planta,Psiquico,95,95,85,125,65,55,1,FALSO
113,Cubone,Tierra,,50,50,95,40,50,35,1,FALSO
114,Marowak,Tierra,,60,80,110,50,80,45,1,FALSO
115,Hitmonlee,Combate,,50,120,53,35,110,87,1,FALSO
116,Hitmonchan,Combate,,50,105,79,35,110,76,1,FALSO
117,Lickitung,Normal,,90,55,75,60,75,30,1,FALSO
118,Koffing,Veneno,,40,65,95,60,45,35,1,FALSO
119,Weezing,Veneno,,65,90,120,85,70,60,1,FALSO
120,Rhyhorn,Tierra,Roca,80,85,95,30,30,25,1,FALSO
121,Rhydon,Tierra,Roca,105,130,120,45,45,40,1,FALSO
122,Chansey,Normal,,250,5,5,35,105,50,1,FALSO
123,Tangela,Planta,,65,55,115,100,40,60,1,FALSO
124,Kangashian,Normal,,105,95,80,40,80,90,1,FALSO
125,Mega Kangashian,Normal,,105,125,100,60,100,100,1,FALSO
126,Horsea,Agua,,30,40,70,70,25,60,1,FALSO
127,Seadra,Agua,,55,65,95,95,45,85,1,FALSO
128,Goldeen,Agua,,45,67,60,35,50,63,1,FALSO
129,Seaking,Agua,,80,92,65,65,80,68,1,FALSO
130,Staryu,Agua,,30,45,55,70,55,85,1,FALSO
131,Starmie,Agua,Psiquico,60,75,85,100,85,115,1,FALSO
132,M. Mime,Psiquico,Hada,40,45,65,100,120,90,1,FALSO
133,Scyther,Bicho,Volador,70,110,80,55,80,105,1,FALSO
134,Jynx,Hielo,Psiquico,65,50,35,115,95,95,1,FALSO
135,Electabuzz,Electrico,,65,83,57,95,85,105,1,FALSO
136,Magmar,Fuego,,65,95,57,100,85,93,1,FALSO
137,Pinsir,Bicho,,65,125,100,55,70,85,1,FALSO
138,Mega Pinsir,Bicho,Volador,65,155,120,65,90,105,1,FALSO
139,Tauros,Normal,,75,100,95,40,70,110,1,FALSO
140,Magikarp,Agua,,20,10,55,15,20,80,1,FALSO
141,Gyarados,Agua,Volador,95,125,79,60,100,81,1,FALSO
142,Mega Gyarados,Agua,Siniestro,95,155,109,70,130,81,1,FALSO
143,Lapras,Agua,Hielo,130,85,80,85,95,60,1,FALSO
144,Ditto,Normal,,48,48,48,48,48,48,1,FALSO
145,Eevee,Normal,,55,55,50,45,65,55,1,FALSO
146,Vaporeon,Agua,,130,65,60,110,95,65,1,FALSO
147,Jolteon,Electrico,,65,65,60,110,95,130,1,FALSO
148,Flareon,Fuego,,65,130,60,95,110,65,1,FALSO
149,Porygon,Normal,,65,60,70,85,75,40,1,FALSO
150,Omanyte,Roca,Agua,35,40,100,90,55,35,1,FALSO
151,Omastar,Roca,Agua,70,60,125,115,70,55,1,FALSO
152,Kabuto,Roca,Agua,30,80,90,55,45,55,1,FALSO
153,Kabutops,Roca,Agua,60,115,105,65,70,80,1,FALSO
154,Aerodactyl,Roca,Volador,80,105,65,60,75,130,1,FALSO
155,Mega Aerodactyl,Roca,Volador,80,135,85,70,95,150,1,FALSO
156,Snorlax,Normal,,160,110,65,65,110,30,1,FALSO
157,Articuno,Hielo,Volador,90,85,100,95,125,85,1,VERDADERO
158,Zapdos,Electrico,Volador,90,90,85,125,90,100,1,VERDADERO
159,Moltres,Fuego,Volador,90,100,90,125,85,90,1,VERDADERO
160,Dratini,Dragon,,41,64,45,50,50,50,1,FALSO
161,Dragonair,Dragon,,61,84,65,70,70,70,1,FALSO
162,Dragonite,Dragon,Volador,91,134,95,100,100,80,1,FALSO
163,Mewtwo,Psiquico,,106,110,90,154,90,130,1,VERDADERO
164,Mega Mewtwo X,Psiquico,Combate,106,190,100,154,100,130,1,VERDADERO
165,Mega Mewtwo Y,Psiquico,,106,150,70,194,120,140,1,VERDADERO
166,Mew,Psiquico,,100,100,100,100,100,100,1,FALSO
167,Chikorita,Planta,,45,49,65,49,65,45,2,FALSO
168,Bayleef,Planta,,60,62,80,63,80,60,2,FALSO
169,Meganium,Planta,,80,82,100,83,100,80,2,FALSO
170,Cyndaquil,Fuego,,39,52,43,60,50,65,2,FALSO
171,Quilava,Fuego,,58,64,58,80,65,80,2,FALSO
172,Typhlosion,Fuego,,78,84,78,109,85,100,2,FALSO
173,Totodile,Agua,,50,65,64,44,48,43,2,FALSO
174,Croconaw,Agua,,65,80,80,59,63,58,2,FALSO
175,Feraligatr,Agua,,85,105,100,79,83,78,2,FALSO
176,Sentret,Normal,,35,46,34,35,45,20,2,FALSO
177,Furret,Normal,,85,76,64,45,55,90,2,FALSO
178,Hoothoot,Normal,Volador,60,30,30,36,56,50,2,FALSO
179,Noctowl,Normal,Volador,100,50,50,76,96,70,2,FALSO
180,Ledyba,Bicho,Volador,40,20,30,40,80,55,2,FALSO
181,Ledian,Bicho,Volador,55,35,50,55,110,85,2,FALSO
182,Spinarak,Bicho,Veneno,40,60,40,40,40,30,2,FALSO
183,Ariados,Bicho,Veneno,70,90,70,60,60,40,2,FALSO
184,Crobat,Veneno,Volador,85,90,80,70,80,130,2,FALSO
185,Chinchou,Agua,Electrico,75,38,38,56,56,67,2,FALSO
186,Lanturn,Agua,Electrico,125,58,58,76,76,67,2,FALSO
187,Pichu,Electrico,,20,40,15,35,35,60,2,FALSO
188,Cleffa,Hada,,50,25,28,45,55,15,2,FALSO
189,Igglybuff,Normal,Hada,90,30,15,40,20,15,2,FALSO
190,Togepi,Hada,,35,20,65,40,65,20,2,FALSO
191,Togetic,Hada,Volador,55,40,85,80,105,40,2,FALSO
192,Natu,Psiquico,Volador,40,50,45,70,45,70,2,FALSO
193,Xatu,Psiquico,Volador,65,75,70,95,70,95,2,FALSO
194,Mareep,Electrico,,55,40,40,65,45,35,2,FALSO
195,Flaaffy,Electrico,,70,55,55,80,60,45,2,FALSO
196,Ampharos,Electrico,,90,75,85,115,90,55,2,FALSO
197,Mega Ampharos,Electrico,Dragon,90,95,105,165,110,45,2,FALSO
198,Bellossom,Planta,,75,80,95,90,100,50,2,FALSO
199,Marill,Agua,Hada,70,20,50,20,50,40,2,FALSO
200,Azumarill,Agua,Hada,100,50,80,60,80,50,2,FALSO
201,Sudowoodo,Roca,,70,100,115,30,65,30,2,FALSO
202,Politoed,Agua,,90,75,75,90,100,70,2,FALSO
203,Hoppip,Planta,Volador,35,35,40,35,55,50,2,FALSO
204,Skiploom,Planta,Volador,55,45,50,45,65,80,2,FALSO
205,Jumpluff,Planta,Volador,75,55,70,55,95,110,2,FALSO
206,Aipom,Normal,,55,70,55,40,55,85,2,FALSO
207,Sunkern,Planta,,30,30,30,30,30,30,2,FALSO
208,Sunflora,Planta,,75,75,55,105,85,30,2,FALSO
209,Yanma,Bicho,Volador,65,65,45,75,45,95,2,FALSO
210,Wooper,Agua,Tierra,55,45,45,25,25,15,2,FALSO
211,Quagsire,Agua,Tierra,95,85,85,65,65,35,2,FALSO
212,Espeon,Psiquico,,65,65,60,130,95,110,2,FALSO
213,Umbreon,Siniestro,,95,65,110,60,130,65,2,FALSO
214,Murkrow,Siniestro,Volador,60,85,42,85,42,91,2,FALSO
215,Slowking,Agua,Psiquico,95,75,80,100,110,30,2,FALSO
216,Misdreavus,Fantasma,,60,60,60,85,85,85,2,FALSO
217,Unown,Psiquico,,48,72,48,72,48,48,2,FALSO
218,Wobbuffet,Psiquico,,190,33,58,33,58,33,2,FALSO
219,Girafarig,Normal,Psiquico,70,80,65,90,65,85,2,FALSO
220,Pineco,Bicho,,50,65,90,35,35,15,2,FALSO
221,Forretress,Bicho,Acero,75,90,140,60,60,40,2,FALSO
222,Dunsparce,Normal,,100,70,70,65,65,45,2,FALSO
223,Gligar,Tierra,Volador,65,75,105,35,65,85,2,FALSO
224,Steelix,Acero,Tierra,75,85,200,55,65,30,2,FALSO
225,Mega Steelix,Acero,Tierra,75,125,230,55,95,30,2,FALSO
226,Snubbull,Hada,,60,80,50,40,40,30,2,FALSO
227,Granbull,Hada,,90,120,75,60,60,45,2,FALSO
228,Qwilfish,Agua,Veneno,65,95,75,55,55,85,2,FALSO
229,Scizor,Bicho,Acero,70,130,100,55,80,65,2,FALSO
230,Mega Scizor,Bicho,Acero,70,150,140,65,100,75,2,FALSO
231,Shuckle,Bicho,Roca,20,10,230,10,230,5,2,FALSO
232,Heracross,Bicho,Combate,80,125,75,40,95,85,2,FALSO
233,Mega Heracross,Bicho,Combate,80,185,115,40,105,75,2,FALSO
234,Sneasel,Siniestro,Hielo,55,95,55,35,75,115,2,FALSO
235,Teddiursa,Normal,,60,80,50,50,50,40,2,FALSO
236,Ursaring,Normal,,90,130,75,75,75,55,2,FALSO
237,Slugma,Fuego,,40,40,40,70,40,20,2,FALSO
238,Magcargo,Fuego,Roca,50,50,120,80,80,30,2,FALSO
239,Swinub,Hielo,Tierra,50,50,40,30,30,50,2,FALSO
240,Piloswine,Hielo,Tierra,100,100,80,60,60,50,2,FALSO
241,Corsola,Agua,Roca,55,55,85,65,85,35,2,FALSO
242,Remoraid,Agua,,35,65,35,65,35,65,2,FALSO
243,Octillery,Agua,,75,105,75,105,75,45,2,FALSO
244,Delibird,Hielo,Volador,45,55,45,65,45,75,2,FALSO
245,Mantine,Agua,Volador,65,40,70,80,140,70,2,FALSO
246,Skarmory,Acero,Volador,65,80,140,40,70,70,2,FALSO
247,Houndour,Siniestro,Fuego,45,60,30,80,50,65,2,FALSO
248,Houndoom,Siniestro,Fuego,75,90,50,110,80,95,2,FALSO
249,Mega Houndoom,Siniestro,Fuego,75,90,90,140,90,115,2,FALSO
250,Kingdra,Agua,Dragon,75,95,95,95,95,85,2,FALSO
251,Phanpy,Tierra,,90,60,60,40,40,40,2,FALSO
252,Donphan,Tierra,,90,120,120,60,60,50,2,FALSO
253,Porygon2,Normal,,85,80,90,105,95,60,2,FALSO
254,Stantler,Normal,,73,95,62,85,65,85,2,FALSO
255,Smeargle,Normal,,55,20,35,20,45,75,2,FALSO
256,Tyrogue,Combate,,35,35,35,35,35,35,2,FALSO
257,Hitmontop,Combate,,50,95,95,35,110,70,2,FALSO
258,Smoochum,Hielo,Psiquico,45,30,15,85,65,65,2,FALSO
259,Elekid,Electrico,,45,63,37,65,55,95,2,FALSO
260,Magby,Fuego,,45,75,37,70,55,83,2,FALSO
261,Miltank,Normal,,95,80,105,40,70,100,2,FALSO
262,Blissey,Normal,,255,10,10,75,135,55,2,FALSO
263,Raikou,Electrico,,90,85,75,115,100,115,2,VERDADERO
264,Entei,Fuego,,115,115,85,90,75,100,2,VERDADERO
265,Suicune,Agua,,100,75,115,90,115,85,2,VERDADERO
266,Larvitar,Roca,Tierra,50,64,50,45,50,41,2,FALSO
267,Pupitar,Roca,Tierra,70,84,70,65,70,51,2,FALSO
268,Tyranitar,Roca,Siniestro,100,134,110,95,100,61,2,FALSO
269,Mega Tyranitar,Roca,Siniestro,100,164,150,95,120,71,2,FALSO
270,Lugia,Psiquico,Volador,106,90,130,90,154,110,2,VERDADERO
271,Ho-Oh,Fuego,Volador,106,130,90,110,154,90,2,VERDADERO
272,Celebi,Psiquico,Planta,100,100,100,100,100,100,2,FALSO
273,Treecko,Planta,,40,45,35,65,55,70,3,FALSO
274,Grovyle,Planta,,50,65,45,85,65,95,3,FALSO
275,Sceptile,Planta,,70,85,65,105,85,120,3,FALSO
276,Mega Sceptile,Planta,Dragon,70,110,75,145,85,145,3,FALSO
277,Torchic,Fuego,,45,60,40,70,50,45,3,FALSO
278,Combusken,Fuego,Combate,60,85,60,85,60,55,3,FALSO
279,Blaziken,Fuego,Combate,80,120,70,110,70,80,3,FALSO
280,Mega Blaziken,Fuego,Combate,80,160,80,130,80,100,3,FALSO
281,Mudkip,Agua,,50,70,50,50,50,40,3,FALSO
282,Marshtomp,Agua,Tierra,70,85,70,60,70,50,3,FALSO
283,Swampert,Agua,Tierra,100,110,90,85,90,60,3,FALSO
284,Mega Swampert,Agua,Tierra,100,150,110,95,110,70,3,FALSO
285,Poochyena,Siniestro,,35,55,35,30,30,35,3,FALSO
286,Mightyena,Siniestro,,70,90,70,60,60,70,3,FALSO
287,Zigzagoon,Normal,,38,30,41,30,41,60,3,FALSO
288,Linoone,Normal,,78,70,61,50,61,100,3,FALSO
289,Wurmple,Bicho,,45,45,35,20,30,20,3,FALSO
290,Silcoon,Bicho,,50,35,55,25,25,15,3,FALSO
291,Beautifly,Bicho,Volador,60,70,50,100,50,65,3,FALSO
292,Cascoon,Bicho,,50,35,55,25,25,15,3,FALSO
293,Dustox,Bicho,Veneno,60,50,70,50,90,65,3,FALSO
294,Lotad,Agua,Planta,40,30,30,40,50,30,3,FALSO
295,Lombre,Agua,Planta,60,50,50,60,70,50,3,FALSO
296,Ludicolo,Agua,Planta,80,70,70,90,100,70,3,FALSO
297,Seedot,Planta,,40,40,50,30,30,30,3,FALSO
298,Nuzleaf,Planta,Siniestro,70,70,40,60,40,60,3,FALSO
299,Shiftry,Planta,Siniestro,90,100,60,90,60,80,3,FALSO
300,Taillow,Normal,Volador,40,55,30,30,30,85,3,FALSO
301,Swellow,Normal,Volador,60,85,60,50,50,125,3,FALSO
302,Wingull,Agua,Volador,40,30,30,55,30,85,3,FALSO
303,Pelipper,Agua,Volador,60,50,100,85,70,65,3,FALSO
304,Ralts,Psiquico,Hada,28,25,25,45,35,40,3,FALSO
305,Kirlia,Psiquico,Hada,38,35,35,65,55,50,3,FALSO
306,Gardevoir,Psiquico,Hada,68,65,65,125,115,80,3,FALSO
307,Mega Gardevoir,Psiquico,Hada,68,85,65,165,135,100,3,FALSO
308,Surskit,Bicho,Agua,40,30,32,50,52,65,3,FALSO
309,Masquerain,Bicho,Volador,70,60,62,80,82,60,3,FALSO
310,Shroomish,Planta,,60,40,60,40,60,35,3,FALSO
311,Breloom,Planta,Combate,60,130,80,60,60,70,3,FALSO
312,Slakoth,Normal,,60,60,60,35,35,30,3,FALSO
313,Vigoroth,Normal,,80,80,80,55,55,90,3,FALSO
314,Slaking,Normal,,150,160,100,95,65,100,3,FALSO
315,Nincada,Bicho,Tierra,31,45,90,30,30,40,3,FALSO
316,Ninjask,Bicho,Volador,61,90,45,50,50,160,3,FALSO
317,Shedinja,Bicho,Fantasma,1,90,45,30,30,40,3,FALSO
318,Whismur,Normal,,64,51,23,51,23,28,3,FALSO
319,Loudred,Normal,,84,71,43,71,43,48,3,FALSO
320,Exploud,Normal,,104,91,63,91,73,68,3,FALSO
321,Makuhita,Combate,,72,60,30,20,30,25,3,FALSO
322,Hariyama,Combate,,144,120,60,40,60,50,3,FALSO
323,Azurill,Normal,Hada,50,20,40,20,40,20,3,FALSO
324,Nosepass,Roca,,30,45,135,45,90,30,3,FALSO
325,Skitty,Normal,,50,45,45,35,35,50,3,FALSO
326,Delcatty,Normal,,70,65,65,55,55,70,3,FALSO
327,Sableye,Siniestro,Fantasma,50,75,75,65,65,50,3,FALSO
328,Mega Sableye,Siniestro,Fantasma,50,85,125,85,115,20,3,FALSO
329,Mawile,Acero,Hada,50,85,85,55,55,50,3,FALSO
330,Mega Mawile,Acero,Hada,50,105,125,55,95,50,3,FALSO
331,Aron,Acero,Roca,50,70,100,40,40,30,3,FALSO
332,Lairon,Acero,Roca,60,90,140,50,50,40,3,FALSO
333,Aggron,Acero,Roca,70,110,180,60,60,50,3,FALSO
334,Mega Aggron,Acero,,70,140,230,60,80,50,3,FALSO
335,Meditite,Combate,Psiquico,30,40,55,40,55,60,3,FALSO
336,Medicham,Combate,Psiquico,60,60,75,60,75,80,3,FALSO
337,Mega Medicham,Combate,Psiquico,60,100,85,80,85,100,3,FALSO
338,Electrike,Electrico,,40,45,40,65,40,65,3,FALSO
339,Manectric,Electrico,,70,75,60,105,60,105,3,FALSO
340,Mega Manectric,Electrico,,70,75,80,135,80,135,3,FALSO
341,Plusle,Electrico,,60,50,40,85,75,95,3,FALSO
342,Minun,Electrico,,60,40,50,75,85,95,3,FALSO
343,Volbeat,Bicho,,65,73,55,47,75,85,3,FALSO
344,Illumise,Bicho,,65,47,55,73,75,85,3,FALSO
345,Roselia,Planta,Veneno,50,60,45,100,80,65,3,FALSO
346,Gulpin,Veneno,,70,43,53,43,53,40,3,FALSO
347,Swalot,Veneno,,100,73,83,73,83,55,3,FALSO
348,Carvanha,Agua,Siniestro,45,90,20,65,20,65,3,FALSO
349,Sharpedo,Agua,Siniestro,70,120,40,95,40,95,3,FALSO
350,Mega Sharpedo,Agua,Siniestro,70,140,70,110,65,105,3,FALSO
351,Wailmer,Agua,,130,70,35,70,35,60,3,FALSO
352,Wailord,Agua,,170,90,45,90,45,60,3,FALSO
353,Numel,Fuego,Tierra,60,60,40,65,45,35,3,FALSO
354,Camerupt,Fuego,Tierra,70,100,70,105,75,40,3,FALSO
355,Mega Camerupt,Fuego,Tierra,70,120,100,145,105,20,3,FALSO
356,Torkoal,Fuego,,70,85,140,85,70,20,3,FALSO
357,Spoink,Psiquico,,60,25,35,70,80,60,3,FALSO
358,Grumpig,Psiquico,,80,45,65,90,110,80,3,FALSO
359,Spinda,Normal,,60,60,60,60,60,60,3,FALSO
360,Trapinch,Tierra,,45,100,45,45,45,10,3,FALSO
361,Vibrava,Tierra,Dragon,50,70,50,50,50,70,3,FALSO
362,Flygon,Tierra,Dragon,80,100,80,80,80,100,3,FALSO
363,Cacnea,Planta,,50,85,40,85,40,35,3,FALSO
364,Cacturne,Planta,Siniestro,70,115,60,115,60,55,3,FALSO
365,Swablu,Normal,Volador,45,40,60,40,75,50,3,FALSO
366,Altaria,Dragon,Volador,75,70,90,70,105,80,3,FALSO
367,Mega Altaria,Dragon,Hada,75,110,110,110,105,80,3,FALSO
368,Zangoose,Normal,,73,115,60,60,60,90,3,FALSO
369,Seviper,Veneno,,73,100,60,100,60,65,3,FALSO
370,Lunatone,Roca,Psiquico,70,55,65,95,85,70,3,FALSO
371,Solrock,Roca,Psiquico,70,95,85,55,65,70,3,FALSO
372,Barboach,Agua,Tierra,50,48,43,46,41,60,3,FALSO
373,Whiscash,Agua,Tierra,110,78,73,76,71,60,3,FALSO
374,Corphish,Agua,,43,80,65,50,35,35,3,FALSO
375,Crawdaunt,Agua,Siniestro,63,120,85,90,55,55,3,FALSO
376,Baltoy,Tierra,Psiquico,40,40,55,40,70,55,3,FALSO
377,Claydol,Tierra,Psiquico,60,70,105,70,120,75,3,FALSO
378,Lileep,Roca,Planta,66,41,77,61,87,23,3,FALSO
379,Cradily,Roca,Planta,86,81,97,81,107,43,3,FALSO
380,Anorith,Roca,Bicho,45,95,50,40,50,75,3,FALSO
381,Armaldo,Roca,Bicho,75,125,100,70,80,45,3,FALSO
382,Feebas,Agua,,20,15,20,10,55,80,3,FALSO
383,Milotic,Agua,,95,60,79,100,125,81,3,FALSO
384,Castform,Normal,,70,70,70,70,70,70,3,FALSO
385,Kecleon,Normal,,60,90,70,60,120,40,3,FALSO
386,Shuppet,Fantasma,,44,75,35,63,33,45,3,FALSO
387,Banette,Fantasma,,64,115,65,83,63,65,3,FALSO
388,Mega Banette,Fantasma,,64,165,75,93,83,75,3,FALSO
389,Duskull,Fantasma,,20,40,90,30,90,25,3,FALSO
390,Dusclops,Fantasma,,40,70,130,60,130,25,3,FALSO
391,Tropius,Planta,Volador,99,68,83,72,87,51,3,FALSO
392,Chimecho,Psiquico,,65,50,70,95,80,65,3,FALSO
393,Absol,Siniestro,,65,130,60,75,60,75,3,FALSO
394,Mega Absol,Siniestro,,65,150,60,115,60,115,3,FALSO
395,Wynaut,Psiquico,,95,23,48,23,48,23,3,FALSO
396,Snorunt,Hielo,,50,50,50,50,50,50,3,FALSO
397,Glalie,Hielo,,80,80,80,80,80,80,3,FALSO
398,Mega Glalie,Hielo,,80,120,80,120,80,100,3,FALSO
399,Spheal,Hielo,Agua,70,40,50,55,50,25,3,FALSO
400,Sealeo,Hielo,Agua,90,60,70,75,70,45,3,FALSO
401,Walrein,Hielo,Agua,110,80,90,95,90,65,3,FALSO
402,Clamperl,Agua,,35,64,85,74,55,32,3,FALSO
403,Huntail,Agua,,55,104,105,94,75,52,3,FALSO
404,Gorebyss,Agua,,55,84,105,114,75,52,3,FALSO
405,Relicanth,Agua,Roca,100,90,130,45,65,55,3,FALSO
406,Luvdisc,Agua,,43,30,55,40,65,97,3,FALSO
407,Bagon,Dragon,,45,75,60,40,30,50,3,FALSO
408,Shelgon,Dragon,,65,95,100,60,50,50,3,FALSO
409,Salamence,Dragon,Volador,95,135,80,110,80,100,3,FALSO
410,Mega Salamence,Dragon,Volador,95,145,130,120,90,120,3,FALSO
411,Beldum,Acero,Psiquico,40,55,80,35,60,30,3,FALSO
412,Metang,Acero,Psiquico,60,75,100,55,80,50,3,FALSO
413,Metagross,Acero,Psiquico,80,135,130,95,90,70,3,FALSO
414,Mega Metagross,Acero,Psiquico,80,145,150,105,110,110,3,FALSO
415,Regirock,Roca,,80,100,200,50,100,50,3,VERDADERO
416,Regice,Hielo,,80,50,100,100,200,50,3,VERDADERO
417,Registeel,Acero,,80,75,150,75,150,50,3,VERDADERO
418,Latias,Dragon,Psiquico,80,80,90,110,130,110,3,VERDADERO
419,Mega Latias,Dragon,Psiquico,80,100,120,140,150,110,3,VERDADERO
420,Latios,Dragon,Psiquico,80,90,80,130,110,110,3,VERDADERO
421,Mega Latios,Dragon,Psiquico,80,130,100,160,120,110,3,VERDADERO
422,Kyogre,Agua,,100,100,90,150,140,90,3,VERDADERO
423,Kyogre primario,Agua,,100,150,90,180,160,90,3,VERDADERO
424,Groudon,Tierra,,100,150,140,100,90,90,3,VERDADERO
425,Groudon primario,Tierra,Fuego,100,180,160,150,90,90,3,VERDADERO
426,Rayquaza,Dragon,Volador,105,150,90,150,90,95,3,VERDADERO
427,Mega Rayquaza,Dragon,Volador,105,180,100,180,100,115,3,VERDADERO
428,Jirachi,Acero,Psiquico,100,100,100,100,100,100,3,VERDADERO
429,Deoxys forma normal,Psiquico,,50,150,50,150,50,150,3,VERDADERO
430,Deoxys forma ataque,Psiquico,,50,180,20,180,20,150,3,VERDADERO
431,Deoxys forma defensa,Psiquico,,50,70,160,70,160,90,3,VERDADERO
432,Deoxys forma r?pida,Psiquico,,50,95,90,95,90,180,3,VERDADERO
433,Turtwig,Planta,,55,68,64,45,55,31,4,FALSO
434,Grotle,Planta,,75,89,85,55,65,36,4,FALSO
435,Torterra,Planta,Tierra,95,109,105,75,85,56,4,FALSO
436,Chimchar,Fuego,,44,58,44,58,44,61,4,FALSO
437,Monferno,Fuego,Combate,64,78,52,78,52,81,4,FALSO
438,Infernape,Fuego,Combate,76,104,71,104,71,108,4,FALSO
439,Piplup,Agua,,53,51,53,61,56,40,4,FALSO
440,Prinplup,Agua,,64,66,68,81,76,50,4,FALSO
441,Empoleon,Agua,Acero,84,86,88,111,101,60,4,FALSO
442,Starly,Normal,Volador,40,55,30,30,30,60,4,FALSO
443,Staravia,Normal,Volador,55,75,50,40,40,80,4,FALSO
444,Staraptor,Normal,Volador,85,120,70,50,60,100,4,FALSO
445,Bidoof,Normal,,59,45,40,35,40,31,4,FALSO
446,Bibarel,Normal,Agua,79,85,60,55,60,71,4,FALSO
447,Kricketot,Bicho,,37,25,41,25,41,25,4,FALSO
448,Kricketune,Bicho,,77,85,51,55,51,65,4,FALSO
449,Shinx,Electrico,,45,65,34,40,34,45,4,FALSO
450,Luxio,Electrico,,60,85,49,60,49,60,4,FALSO
451,Luxray,Electrico,,80,120,79,95,79,70,4,FALSO
452,Budew,Planta,Veneno,40,30,35,50,70,55,4,FALSO
453,Roserade,Planta,Veneno,60,70,65,125,105,90,4,FALSO
454,Cranidos,Roca,,67,125,40,30,30,58,4,FALSO
455,Rampardos,Roca,,97,165,60,65,50,58,4,FALSO
456,Shieldon,Roca,Acero,30,42,118,42,88,30,4,FALSO
457,Bastiodon,Roca,Acero,60,52,168,47,138,30,4,FALSO
458,Burmy,Bicho,,40,29,45,29,45,36,4,FALSO
459,Wormadam tronco planta,Bicho,Planta,60,59,85,79,105,36,4,FALSO
460,Wormadam tronco arena,Bicho,Tierra,60,79,105,59,85,36,4,FALSO
461,Wormadam tronco basura,Bicho,Acero,60,69,95,69,95,36,4,FALSO
462,Mothim,Bicho,Volador,70,94,50,94,50,66,4,FALSO
463,Combee,Bicho,Volador,30,30,42,30,42,70,4,FALSO
464,Vespiquen,Bicho,Volador,70,80,102,80,102,40,4,FALSO
465,Pachirisu,Electrico,,60,45,70,45,90,95,4,FALSO
466,Buizel,Agua,,55,65,35,60,30,85,4,FALSO
467,Floatzel,Agua,,85,105,55,85,50,115,4,FALSO
468,Cherubi,Planta,,45,35,45,62,53,35,4,FALSO
469,Cherrim,Planta,,70,60,70,87,78,85,4,FALSO
470,Shellos,Agua,,76,48,48,57,62,34,4,FALSO
471,Gastrodon,Agua,Tierra,111,83,68,92,82,39,4,FALSO
472,Ambipom,Normal,,75,100,66,60,66,115,4,FALSO
473,Drifloon,Fantasma,Volador,90,50,34,60,44,70,4,FALSO
474,Drifblim,Fantasma,Volador,150,80,44,90,54,80,4,FALSO
475,Buneary,Normal,,55,66,44,44,56,85,4,FALSO
476,Lopunny,Normal,,65,76,84,54,96,105,4,FALSO
477,Mega Lopunny,Normal,Combate,65,136,94,54,96,135,4,FALSO
478,Mismagius,Fantasma,,60,60,60,105,105,105,4,FALSO
479,Honchkrow,Siniestro,Volador,100,125,52,105,52,71,4,FALSO
480,Glameow,Normal,,49,55,42,42,37,85,4,FALSO
481,Purugly,Normal,,71,82,64,64,59,112,4,FALSO
482,Chingling,Psiquico,,45,30,50,65,50,45,4,FALSO
483,Stunky,Veneno,Siniestro,63,63,47,41,41,74,4,FALSO
484,Skuntank,Veneno,Siniestro,103,93,67,71,61,84,4,FALSO
485,Bronzor,Acero,Psiquico,57,24,86,24,86,23,4,FALSO
486,Bronzong,Acero,Psiquico,67,89,116,79,116,33,4,FALSO
487,Bonsly,Roca,,50,80,95,10,45,10,4,FALSO
488,Mime Jr.,Psiquico,Hada,20,25,45,70,90,60,4,FALSO
489,Happiny,Normal,,100,5,5,15,65,30,4,FALSO
490,Chatot,Normal,Volador,76,65,45,92,42,91,4,FALSO
491,Spiritomb,Fantasma,Siniestro,50,92,108,92,108,35,4,FALSO
492,Gible,Dragon,Tierra,58,70,45,40,45,42,4,FALSO
493,Gabite,Dragon,Tierra,68,90,65,50,55,82,4,FALSO
494,Garchomp,Dragon,Tierra,108,130,95,80,85,102,4,FALSO
495,Mega Garchomp,Dragon,Tierra,108,170,115,120,95,92,4,FALSO
496,Munchlax,Normal,,135,85,40,40,85,5,4,FALSO
497,Riolu,Combate,,40,70,40,35,40,60,4,FALSO
498,Lucario,Combate,Acero,70,110,70,115,70,90,4,FALSO
499,Mega Lucario,Combate,Acero,70,145,88,140,70,112,4,FALSO
500,Hippopotas,Tierra,,68,72,78,38,42,32,4,FALSO
501,Hippowdon,Tierra,,108,112,118,68,72,47,4,FALSO
502,Skorupi,Veneno,Bicho,40,50,90,30,55,65,4,FALSO
503,Drapion,Veneno,Siniestro,70,90,110,60,75,95,4,FALSO
504,Croagunk,Veneno,Combate,48,61,40,61,40,50,4,FALSO
505,Toxicroak,Veneno,Combate,83,106,65,86,65,85,4,FALSO
506,Carnivine,Planta,,74,100,72,90,72,46,4,FALSO
507,Finneon,Agua,,49,49,56,49,61,66,4,FALSO
508,Lumineon,Agua,,69,69,76,69,86,91,4,FALSO
509,Mantyke,Agua,Volador,45,20,50,60,120,50,4,FALSO
510,Snover,Planta,Hielo,60,62,50,62,60,40,4,FALSO
511,Abomasnow,Planta,Hielo,90,92,75,92,85,60,4,FALSO
512,Mega Abomasnow,Planta,Hielo,90,132,105,132,105,30,4,FALSO
513,Weavile,Siniestro,Hielo,70,120,65,45,85,125,4,FALSO
514,Magnezone,Electrico,Acero,70,70,115,130,90,60,4,FALSO
515,Licklicky,Normal,,110,85,95,80,95,50,4,FALSO
516,Rhyperior,Tierra,Roca,115,140,130,55,55,40,4,FALSO
517,Tangrowth,Planta,,100,100,125,110,50,50,4,FALSO
518,Electivire,Electrico,,75,123,67,95,85,95,4,FALSO
519,Magmortar,Fuego,,75,95,67,125,95,83,4,FALSO
520,Togekiss,Hada,Volador,85,50,95,120,115,80,4,FALSO
521,Yanmega,Bicho,Volador,86,76,86,116,56,95,4,FALSO
522,Leafeon,Planta,,65,110,130,60,65,95,4,FALSO
523,Glaceon,Hielo,,65,60,110,130,95,65,4,FALSO
524,Gliscor,Tierra,Volador,75,95,125,45,75,95,4,FALSO
525,Mamoswine,Hielo,Tierra,110,130,80,70,60,80,4,FALSO
526,Porygon-Z,Normal,,85,80,70,135,75,90,4,FALSO
527,Gallade,Psiquico,Combate,68,125,65,65,115,80,4,FALSO
528,Mega Gallade,Psiquico,Combate,68,165,95,65,115,110,4,FALSO
529,Probopass,Roca,Acero,60,55,145,75,150,40,4,FALSO
530,Dusknoir,Fantasma,,45,100,135,65,135,45,4,FALSO
531,Froslass,Hielo,Fantasma,70,80,70,80,70,110,4,FALSO
532,Rotom,Electrico,Fantasma,50,50,77,95,77,91,4,FALSO
533,Rotom calor,Electrico,Fuego,50,65,107,105,107,86,4,FALSO
534,Rotom lavado,Electrico,Agua,50,65,107,105,107,86,4,FALSO
535,Rotom fr?o,Electrico,Hielo,50,65,107,105,107,86,4,FALSO
536,Rotom,Electrico,Volador,50,65,107,105,107,86,4,FALSO
537,Rotom corte,Electrico,Planta,50,65,107,105,107,86,4,FALSO
538,Uxie,Psiquico,,75,75,130,75,130,95,4,VERDADERO
539,Mesprit,Psiquico,,80,105,105,105,105,80,4,VERDADERO
540,Azelf,Psiquico,,75,125,70,125,70,115,4,VERDADERO
541,Dialga,Acero,Dragon,100,120,120,150,100,90,4,VERDADERO
542,Palkia,Agua,Dragon,90,120,100,150,120,100,4,VERDADERO
543,Heatran,Fuego,Acero,91,90,106,130,106,77,4,VERDADERO
544,Regigigas,Normal,,110,160,110,80,110,100,4,VERDADERO
545,Giratina forma modificada,Fantasma,Dragon,150,100,120,100,120,90,4,VERDADERO
546,Giratina forma original,Fantasma,Dragon,150,120,100,120,100,90,4,VERDADERO
547,Cresselia,Psiquico,,120,70,120,75,130,85,4,FALSO
548,Phione,Agua,,80,80,80,80,80,80,4,FALSO
549,Manaphy,Agua,,100,100,100,100,100,100,4,FALSO
550,Darkrai,Siniestro,,70,90,90,135,90,125,4,VERDADERO
551,Shaymin forma tierra,Planta,,100,100,100,100,100,100,4,VERDADERO
552,Shaymin forma cielo,Planta,Volador,100,103,75,120,75,127,4,VERDADERO
553,Arceus,Normal,,120,120,120,120,120,120,4,VERDADERO
554,Victini,Psiquico,Fuego,100,100,100,100,100,100,5,VERDADERO
555,Snivy,Planta,,45,45,55,45,55,63,5,FALSO
556,Servine,Planta,,60,60,75,60,75,83,5,FALSO
557,Serperior,Planta,,75,75,95,75,95,113,5,FALSO
558,Tepig,Fuego,,65,63,45,45,45,45,5,FALSO
559,Pignite,Fuego,Combate,90,93,55,70,55,55,5,FALSO
560,Emboar,Fuego,Combate,110,123,65,100,65,65,5,FALSO
561,Oshawott,Agua,,55,55,45,63,45,45,5,FALSO
562,Dewott,Agua,,75,75,60,83,60,60,5,FALSO
563,Samurott,Agua,,95,100,85,108,70,70,5,FALSO
564,Patrat,Normal,,45,55,39,35,39,42,5,FALSO
565,Watchog,Normal,,60,85,69,60,69,77,5,FALSO
566,Lillipup,Normal,,45,60,45,25,45,55,5,FALSO
567,Herdier,Normal,,65,80,65,35,65,60,5,FALSO
568,Stoutland,Normal,,85,110,90,45,90,80,5,FALSO
569,Purrloin,Siniestro,,41,50,37,50,37,66,5,FALSO
570,Liepard,Siniestro,,64,88,50,88,50,106,5,FALSO
571,Pansage,Planta,,50,53,48,53,48,64,5,FALSO
572,Simisage,Planta,,75,98,63,98,63,101,5,FALSO
573,Pansear,Fuego,,50,53,48,53,48,64,5,FALSO
574,Simisear,Fuego,,75,98,63,98,63,101,5,FALSO
575,Panpour,Agua,,50,53,48,53,48,64,5,FALSO
576,Simipour,Agua,,75,98,63,98,63,101,5,FALSO
577,Munna,Psiquico,,76,25,45,67,55,24,5,FALSO
578,Musharna,Psiquico,,116,55,85,107,95,29,5,FALSO
579,Pidove,Normal,Volador,50,55,50,36,30,43,5,FALSO
580,Tranquill,Normal,Volador,62,77,62,50,42,65,5,FALSO
581,Unfezant,Normal,Volador,80,115,80,65,55,93,5,FALSO
582,Blitzle,Electrico,,45,60,32,50,32,76,5,FALSO
583,Zebstrika,Electrico,,75,100,63,80,63,116,5,FALSO
584,Roggenrola,Roca,,55,75,85,25,25,15,5,FALSO
585,Boldore,Roca,,70,105,105,50,40,20,5,FALSO
586,Gigalith,Roca,,85,135,130,60,80,25,5,FALSO
587,Woobat,Psiquico,Volador,55,45,43,55,43,72,5,FALSO
588,Swoobat,Psiquico,Volador,67,57,55,77,55,114,5,FALSO
589,Drilbur,Tierra,,60,85,40,30,45,68,5,FALSO
590,Excadrill,Tierra,Acero,110,135,60,50,65,88,5,FALSO
591,Audino,Normal,,103,60,86,60,86,50,5,FALSO
592,Mega Audino,Normal,Hada,103,60,126,80,126,50,5,FALSO
593,Timburr,Combate,,75,80,55,25,35,35,5,FALSO
594,Gurdurr,Combate,,85,105,85,40,50,40,5,FALSO
595,Conkeldurr,Combate,,105,140,95,55,65,45,5,FALSO
596,Tympole,Agua,,50,50,40,50,40,64,5,FALSO
597,Palpitoad,Agua,Tierra,75,65,55,65,55,69,5,FALSO
598,Seismitoad,Agua,Tierra,105,95,75,85,75,74,5,FALSO
599,Throh,Combate,,120,100,85,30,85,45,5,FALSO
600,Sawk,Combate,,75,125,75,30,75,85,5,FALSO
601,Sewaddle,Bicho,Planta,45,53,70,40,60,42,5,FALSO
602,Swadloon,Bicho,Planta,55,63,90,50,80,42,5,FALSO
603,Leavanny,Bicho,Planta,75,103,80,70,80,92,5,FALSO
604,Venipede,Bicho,Veneno,30,45,59,30,39,57,5,FALSO
605,Whirlipede,Bicho,Veneno,40,55,99,40,79,47,5,FALSO
606,Scolipede,Bicho,Veneno,60,100,89,55,69,112,5,FALSO
607,Cottonee,Planta,Hada,40,27,60,37,50,66,5,FALSO
608,Whimsicott,Planta,Hada,60,67,85,77,75,116,5,FALSO
609,Petilil,Planta,,45,35,50,70,50,30,5,FALSO
610,Lilligant,Planta,,70,60,75,110,75,90,5,FALSO
611,Basculin,Agua,,70,92,65,80,55,98,5,FALSO
612,Sandile,Tierra,Siniestro,50,72,35,35,35,65,5,FALSO
613,Krokorok,Tierra,Siniestro,60,82,45,45,45,74,5,FALSO
614,Krookodile,Tierra,Siniestro,95,117,80,65,70,92,5,FALSO
615,Darumaka,Fuego,,70,90,45,15,45,50,5,FALSO
616,Darmanitan forma est?ndar,Fuego,,105,140,55,30,55,95,5,FALSO
617,Darmanitan modo zen,Fuego,Psiquico,105,30,105,140,105,55,5,FALSO
618,Maractus,Planta,,75,86,67,106,67,60,5,FALSO
619,Dwebble,Bicho,Roca,50,65,85,35,35,55,5,FALSO
620,Crustle,Bicho,Roca,70,95,125,65,75,45,5,FALSO
621,Scraggy,Siniestro,Combate,50,75,70,35,70,48,5,FALSO
622,Scrafty,Siniestro,Combate,65,90,115,45,115,58,5,FALSO
623,Sigilyph,Psiquico,Volador,72,58,80,103,80,97,5,FALSO
624,Yamask,Fantasma,,38,30,85,55,65,30,5,FALSO
625,Cofagrigus,Fantasma,,58,50,145,95,105,30,5,FALSO
626,Tirtouga,Agua,Roca,54,78,103,53,45,22,5,FALSO
627,Carracosta,Agua,Roca,74,108,133,83,65,32,5,FALSO
628,Archen,Roca,Volador,55,112,45,74,45,70,5,FALSO
629,Archeops,Roca,Volador,75,140,65,112,65,110,5,FALSO
630,Trubbish,Veneno,,50,50,62,40,62,65,5,FALSO
631,Garbodor,Veneno,,80,95,82,60,82,75,5,FALSO
632,Zorua,Siniestro,,40,65,40,80,40,65,5,FALSO
633,Zoroark,Siniestro,,60,105,60,120,60,105,5,FALSO
634,Minccino,Normal,,55,50,40,40,40,75,5,FALSO
635,Cinccino,Normal,,75,95,60,65,60,115,5,FALSO
636,Gothita,Psiquico,,45,30,50,55,65,45,5,FALSO
637,Gothorita,Psiquico,,60,45,70,75,85,55,5,FALSO
638,Gothitelle,Psiquico,,70,55,95,95,110,65,5,FALSO
639,Solosis,Psiquico,,45,30,40,105,50,20,5,FALSO
640,Duosion,Psiquico,,65,40,50,125,60,30,5,FALSO
641,Reuniclus,Psiquico,,110,65,75,125,85,30,5,FALSO
642,Ducklett,Agua,Volador,62,44,50,44,50,55,5,FALSO
643,Swanna,Agua,Volador,75,87,63,87,63,98,5,FALSO
644,Vanillite,Hielo,,36,50,50,65,60,44,5,FALSO
645,Vanillish,Hielo,,51,65,65,80,75,59,5,FALSO
646,Vanilluxe,Hielo,,71,95,85,110,95,79,5,FALSO
647,Deerling,Normal,Planta,60,60,50,40,50,75,5,FALSO
648,Sawsbuck,Normal,Planta,80,100,70,60,70,95,5,FALSO
649,Emolga,Electrico,Volador,55,75,60,75,60,103,5,FALSO
650,Karrablast,Bicho,,50,75,45,40,45,60,5,FALSO
651,Escavalier,Bicho,Acero,70,135,105,60,105,20,5,FALSO
652,Foongus,Planta,Veneno,69,55,45,55,55,15,5,FALSO
653,Amoonguss,Planta,Veneno,114,85,70,85,80,30,5,FALSO
654,Frillish,Agua,Fantasma,55,40,50,65,85,40,5,FALSO
655,Jellicent,Agua,Fantasma,100,60,70,85,105,60,5,FALSO
656,Alomomola,Agua,,165,75,80,40,45,65,5,FALSO
657,Joltik,Bicho,Electrico,50,47,50,57,50,65,5,FALSO
658,Galvantula,Bicho,Electrico,70,77,60,97,60,108,5,FALSO
659,Ferroseed,Planta,Acero,44,50,91,24,86,10,5,FALSO
660,Ferrothorn,Planta,Acero,74,94,131,54,116,20,5,FALSO
661,Klink,Acero,,40,55,70,45,60,30,5,FALSO
662,Klang,Acero,,60,80,95,70,85,50,5,FALSO
663,Klinklang,Acero,,60,100,115,70,85,90,5,FALSO
664,Tynamo,Electrico,,35,55,40,45,40,60,5,FALSO
665,Eelektrik,Electrico,,65,85,70,75,70,40,5,FALSO
666,Eelektross,Electrico,,85,115,80,105,80,50,5,FALSO
667,Elgyem,Psiquico,,55,55,55,85,55,30,5,FALSO
668,Beheeyem,Psiquico,,75,75,75,125,95,40,5,FALSO
669,Litwick,Fantasma,Fuego,50,30,55,65,55,20,5,FALSO
670,Lampent,Fantasma,Fuego,60,40,60,95,60,55,5,FALSO
671,Chandelure,Fantasma,Fuego,60,55,90,145,90,80,5,FALSO
672,Axew,Dragon,,46,87,60,30,40,57,5,FALSO
673,Fraxure,Dragon,,66,117,70,40,50,67,5,FALSO
674,Haxorus,Dragon,,76,147,90,60,70,97,5,FALSO
675,Cubchoo,Hielo,,55,70,40,60,40,40,5,FALSO
676,Beartic,Hielo,,95,110,80,70,80,50,5,FALSO
677,Cryogonal,Hielo,,70,50,30,95,135,105,5,FALSO
678,Shelmet,Bicho,,50,40,85,40,65,25,5,FALSO
679,Accelgor,Bicho,,80,70,40,100,60,145,5,FALSO
680,Stunfisk,Tierra,Electrico,109,66,84,81,99,32,5,FALSO
681,Mienfoo,Combate,,45,85,50,55,50,65,5,FALSO
682,Mienshao,Combate,,65,125,60,95,60,105,5,FALSO
683,Druddigon,Dragon,,77,120,90,60,90,48,5,FALSO
684,Golett,Tierra,Fantasma,59,74,50,35,50,35,5,FALSO
685,Golurk,Tierra,Fantasma,89,124,80,55,80,55,5,FALSO
686,Pawniard,Siniestro,Acero,45,85,70,40,40,60,5,FALSO
687,Bisharp,Siniestro,Acero,65,125,100,60,70,70,5,FALSO
688,Bouffalant,Normal,,95,110,95,40,95,55,5,FALSO
689,Rufflet,Normal,Volador,70,83,50,37,50,60,5,FALSO
690,Braviary,Normal,Volador,100,123,75,57,75,80,5,FALSO
691,Vullaby,Siniestro,Volador,70,55,75,45,65,60,5,FALSO
692,Mandibuzz,Siniestro,Volador,110,65,105,55,95,80,5,FALSO
693,Heatmor,Fuego,,85,97,66,105,66,65,5,FALSO
694,Durant,Bicho,Acero,58,109,112,48,48,109,5,FALSO
695,Deino,Siniestro,Dragon,52,65,50,45,50,38,5,FALSO
696,Zweilous,Siniestro,Dragon,72,85,70,65,70,58,5,FALSO
697,Hydreigon,Siniestro,Dragon,92,105,90,125,90,98,5,FALSO
698,Larvesta,Bicho,Fuego,55,85,55,50,55,60,5,FALSO
699,Volcarona,Bicho,Fuego,85,60,65,135,105,100,5,FALSO
700,Cobalion,Acero,Combate,91,90,129,90,72,108,5,VERDADERO
701,Terrakion,Roca,Combate,91,129,90,72,90,108,5,VERDADERO
702,Virizion,Planta,Combate,91,90,72,90,129,108,5,VERDADERO
703,Tornadus forma avatar,Volador,,79,115,70,125,80,111,5,VERDADERO
704,Tornadus forma t?tem,Volador,,79,100,80,110,90,121,5,VERDADERO
705,Thundurus forma avatar,Electrico,Volador,79,115,70,125,80,111,5,VERDADERO
706,Thundurus forma t?tem,Electrico,Volador,79,105,70,145,80,101,5,VERDADERO
707,Reshiram,Dragon,Fuego,100,120,100,150,120,90,5,VERDADERO
708,Zekrom,Dragon,Electrico,100,150,120,120,100,90,5,VERDADERO
709,Landorus forma avatar,Tierra,Volador,89,125,90,115,80,101,5,VERDADERO
710,Landorus forma t?tem,Tierra,Volador,89,145,90,105,80,91,5,VERDADERO
711,Kyurem,Dragon,Hielo,125,130,90,130,90,95,5,VERDADERO
712,Kyurem negro,Dragon,Hielo,125,170,100,120,90,95,5,VERDADERO
713,Kyurem blanco,Dragon,Hielo,125,120,90,170,100,95,5,VERDADERO
714,Keldeo forma normal,Agua,Combate,91,72,90,129,90,108,5,FALSO
715,Keldeo forma br?o,Agua,Combate,91,72,90,129,90,108,5,FALSO
716,Meloetta forma l?rica,Normal,Psiquico,100,77,77,128,128,90,5,FALSO
717,Meloetta forma danza,Normal,Combate,100,128,90,77,77,128,5,FALSO
718,Genesect,Bicho,Acero,71,120,95,120,95,99,5,FALSO
719,Chespin,Planta,,56,61,65,48,45,38,6,FALSO
720,Quilladin,Planta,,61,78,95,56,58,57,6,FALSO
721,Chesnaught,Planta,Combate,88,107,122,74,75,64,6,FALSO
722,Fennekin,Fuego,,40,45,40,62,60,60,6,FALSO
723,Braixen,Fuego,,59,59,58,90,70,73,6,FALSO
724,Delphox,Fuego,Psiquico,75,69,72,114,100,104,6,FALSO
725,Froakie,Agua,,41,56,40,62,44,71,6,FALSO
726,Frogadier,Agua,,54,63,52,83,56,97,6,FALSO
727,Greninja,Agua,Siniestro,72,95,67,103,71,122,6,FALSO
728,Bunnelby,Normal,,38,36,38,32,36,57,6,FALSO
729,Diggersby,Normal,Tierra,85,56,77,50,77,78,6,FALSO
730,Fletchling,Normal,Volador,45,50,43,40,38,62,6,FALSO
731,Fletchinder,Fuego,Volador,62,73,55,56,52,84,6,FALSO
732,Talonflame,Fuego,Volador,78,81,71,74,69,126,6,FALSO
733,Scatterbug,Bicho,,38,35,40,27,25,35,6,FALSO
734,Spewpa,Bicho,,45,22,60,27,30,29,6,FALSO
735,Vivillon,Bicho,Volador,80,52,50,90,50,89,6,FALSO
736,Litleo,Fuego,Normal,62,50,58,73,54,72,6,FALSO
737,Pyroar,Fuego,Normal,86,68,72,109,66,106,6,FALSO
738,Flab?b?,Hada,,44,38,39,61,79,42,6,FALSO
739,Floette,Hada,,54,45,47,75,98,52,6,FALSO
740,Florges,Hada,,78,65,68,112,154,75,6,FALSO
741,Skiddo,Planta,,66,65,48,62,57,52,6,FALSO
742,Gogoat,Planta,,123,100,62,97,81,68,6,FALSO
743,Pancham,Combate,,67,82,62,46,48,43,6,FALSO
744,Pangoro,Combate,Siniestro,95,124,78,69,71,58,6,FALSO
745,Furfrou,Normal,,75,80,60,65,90,102,6,FALSO
746,Espurr,Psiquico,,62,48,54,63,60,68,6,FALSO
747,Meowstic macho,Psiquico,,74,48,76,83,81,104,6,FALSO
748,Meowstic hembra,Psiquico,,74,48,76,83,81,104,6,FALSO
749,Honedge,Acero,Fantasma,45,80,100,35,37,28,6,FALSO
750,Doublade,Acero,Fantasma,59,110,150,45,49,35,6,FALSO
751,Aegislash forma de filo,Acero,,60,150,50,150,50,60,6,FALSO
752,Aegislash forma de escudo,Acero,Fantasma,60,50,150,50,150,60,6,FALSO
753,Spritzee,Hada,,78,52,60,63,65,23,6,FALSO
754,Aromatisse,Hada,,101,72,72,99,89,29,6,FALSO
755,Swirlix,Hada,,62,48,66,59,57,49,6,FALSO
756,Slurpuff,Hada,,82,80,86,85,75,72,6,FALSO
757,Inkay,Siniestro,Psiquico,53,54,53,37,46,45,6,FALSO
758,Malamar,Siniestro,Psiquico,86,92,88,68,75,73,6,FALSO
759,Binacle,Roca,Agua,42,52,67,39,56,50,6,FALSO
760,Barbaracle,Roca,Agua,72,105,115,54,86,68,6,FALSO
761,Skrelp,Veneno,Agua,50,60,60,60,60,30,6,FALSO
762,Dragalge,Veneno,Dragon,65,75,90,97,123,44,6,FALSO
763,Clauncher,Agua,,50,53,62,58,63,44,6,FALSO
764,Clawitzer,Agua,,71,73,88,120,89,59,6,FALSO
765,Helioptile,Electrico,Normal,44,38,33,61,43,70,6,FALSO
766,Heliolisk,Electrico,Normal,62,55,52,109,94,109,6,FALSO
767,Tyrunt,Roca,Dragon,58,89,77,45,45,48,6,FALSO
768,Tyrantrum,Roca,Dragon,82,121,119,69,59,71,6,FALSO
769,Amaura,Roca,Hielo,77,59,50,67,63,46,6,FALSO
770,Aurorus,Roca,Hielo,123,77,72,99,92,58,6,FALSO
771,Sylveon,Hada,,95,65,65,110,130,60,6,FALSO
772,Hawlucha,Combate,Volador,78,92,75,74,63,118,6,FALSO
773,Dedenne,Electrico,Hada,67,58,57,81,67,101,6,FALSO
774,Carbink,Roca,Hada,50,50,150,50,150,50,6,FALSO
775,Goomy,Dragon,,45,50,35,55,75,40,6,FALSO
776,Sliggoo,Dragon,,68,75,53,83,113,60,6,FALSO
777,Goodra,Dragon,,90,100,70,110,150,80,6,FALSO
778,Klefki,Acero,Hada,57,80,91,80,87,75,6,FALSO
779,Phantump,Fantasma,Planta,43,70,48,50,60,38,6,FALSO
780,Trevenant,Fantasma,Planta,85,110,76,65,82,56,6,FALSO
781,Pumpkaboo tama?o normal,Fantasma,Planta,49,66,70,44,55,51,6,FALSO
782,Pumpkaboo tama?o peque?o,Fantasma,Planta,44,66,70,44,55,56,6,FALSO
783,Pumpkaboo tama?o grande,Fantasma,Planta,54,66,70,44,55,46,6,FALSO
784,Pumpkaboo tama?o extragrande,Fantasma,Planta,59,66,70,44,55,41,6,FALSO
785,Gourgeist tama?o normal,Fantasma,Planta,65,90,122,58,75,84,6,FALSO
786,Gourgeist tama?o peque?o,Fantasma,Planta,55,85,122,58,75,99,6,FALSO
787,Gourgeist tama?o grande,Fantasma,Planta,75,95,122,58,75,69,6,FALSO
788,Gourgeist tama?o extragrande,Fantasma,Planta,85,100,122,58,75,54,6,FALSO
789,Bergmite,Hielo,,55,69,85,32,35,28,6,FALSO
790,Avalugg,Hielo,,95,117,184,44,46,28,6,FALSO
791,Noibat,Volador,Dragon,40,30,35,45,40,55,6,FALSO
792,Noivern,Volador,Dragon,85,70,80,97,80,123,6,FALSO
793,Xerneas,Hada,,126,131,95,131,98,99,6,VERDADERO
794,Yveltal,Siniestro,Volador,126,131,95,131,98,99,6,VERDADERO
795,Zygarde forma media,Dragon,Tierra,108,100,121,81,95,95,6,VERDADERO
796,Diancie,Roca,Hada,50,100,150,100,150,50,6,VERDADERO
797,Mega Diancie,Roca,Hada,50,160,110,160,110,110,6,VERDADERO
798,Hoopa contenido,Psiquico,Fantasma,80,110,60,150,130,70,6,VERDADERO
799,Hoopa desatado,Psiquico,Siniestro,80,160,60,170,130,80,6,VERDADERO
800,Volcanion,Fuego,Agua,80,110,120,130,90,70,6,VERDADERO
